CIN,COMPANY_NAME,STATE,SOURCE,FIELD,SOURCE_URL
U85499GJ2025NPL158578,KANCHANBA P B SHAH FAMILY FOUNDATION,Delhi,ZaubaCorp,"Director info, Sector classification",https://www.zaubacorp.com/company/U85499GJ2025NPL158578
U85500GJ2023PTC142723,MAANYA GLOBAL PRIVATE LIMITED,Delhi,ZaubaCorp,"Director info, Sector classification",https://www.zaubacorp.com/company/U85500GJ2023PTC142723
U85500GJ2024OPC151560,TRADINGPIXELS ACADEMY (OPC) PRIVATE LIMITED,Delhi,ZaubaCorp,"Director info, Sector classification",https://www.zaubacorp.com/company/U85500GJ2024OPC151560
U85500GJ2025NPL161389,SURIYAVASANT FOUNDATION,Delhi,ZaubaCorp,"Director info, Sector classification",https://www.zaubacorp.com/company/U85500GJ2025NPL161389
U85500GJ2025PTC161925,BUENA SUERTE ENTERPRISES PRIVATE LIMITED,Delhi,ZaubaCorp,"Director info, Sector classification",https://www.zaubacorp.com/company/U85500GJ2025PTC161925
U86100GJ2023PTC139333,HEALTHPRO CLINIC PRIVATE LIMITED,Delhi,ZaubaCorp,"Director info, Sector classification",https://www.zaubacorp.com/company/U86100GJ2023PTC139333
U28998GJ2015PTC082965,OMEX FURNACES PRIVATE LIMITED,Delhi,ZaubaCorp,"Director info, Sector classification",https://www.zaubacorp.com/company/U28998GJ2015PTC082965
U28999GJ1996PTC030434,MILAN MARK STORWELL PRIVATE LIMITED,Delhi,ZaubaCorp,"Director info, Sector classification",https://www.zaubacorp.com/company/U28999GJ1996PTC030434
U28999GJ2017PTC097258,BALRAMA CASTINGS PRIVATE LIMITED,Delhi,ZaubaCorp,"Director info, Sector classification",https://www.zaubacorp.com/company/U28999GJ2017PTC097258
U28999GJ2018PTC103339,KAYAN INFRA PRIVATE LIMITED,Delhi,ZaubaCorp,"Director info, Sector classification",https://www.zaubacorp.com/company/U28999GJ2018PTC103339
U28999GJ2019PTC107688,REVA FOUNDRY WORKS PRIVATE LIMITED,Delhi,ZaubaCorp,"Director info, Sector classification",https://www.zaubacorp.com/company/U28999GJ2019PTC107688
U29100GJ2009PLC057053,ELECTRA ACCUMULATORS LIMITED,Delhi,ZaubaCorp,"Director info, Sector classification",https://www.zaubacorp.com/company/U29100GJ2009PLC057053
U29100GJ2010PTC060945,SANGUINE SAFETY SYSTEM PRIVATE LIMITED,Delhi,ZaubaCorp,"Director info, Sector classification",https://www.zaubacorp.com/company/U29100GJ2010PTC060945
U29100GJ2011PTC063548,ZEPPELIN PRECISION PRODUCTS PRIVATE LIMITED,Delhi,ZaubaCorp,"Director info, Sector classification",https://www.zaubacorp.com/company/U29100GJ2011PTC063548
U29100GJ2013PTC076509,DIMAN SOLAR PRIVATE LIMITED,Delhi,ZaubaCorp,"Director info, Sector classification",https://www.zaubacorp.com/company/U29100GJ2013PTC076509
U29100GJ2018PTC102303,MITTAL BLOWERS INDIA PRIVATE LIMITED,Delhi,ZaubaCorp,"Director info, Sector classification",https://www.zaubacorp.com/company/U29100GJ2018PTC102303
U29100GJ2020PTC114774,RADIKALE ENGINEERING PRIVATE LIMITED,Delhi,ZaubaCorp,"Director info, Sector classification",https://www.zaubacorp.com/company/U29100GJ2020PTC114774
U29100GJ2020PTC116350,KWIK CHARGE AUTO TECH PRIVATE LIMITED,Delhi,ZaubaCorp,"Director info, Sector classification",https://www.zaubacorp.com/company/U29100GJ2020PTC116350
U29100GJ2020PTC117735,SHREEJI PHARMA EQUIPMENT PRIVATE LIMITED,Delhi,ZaubaCorp,"Director info, Sector classification",https://www.zaubacorp.com/company/U29100GJ2020PTC117735
U29100GJ2022PTC130566,SUPREME EXTRUMAC PRIVATE LIMITED,Delhi,ZaubaCorp,"Director info, Sector classification",https://www.zaubacorp.com/company/U29100GJ2022PTC130566
U29119GJ1989PTC012827,HELIFLEX HYDRULICS AND ENGINEERING PVT L TD,Delhi,ZaubaCorp,"Director info, Sector classification",https://www.zaubacorp.com/company/U29119GJ1989PTC012827
U29120GJ1974PTC002612,A V H VALVES PVT LTD,Delhi,ZaubaCorp,"Director info, Sector classification",https://www.zaubacorp.com/company/U29120GJ1974PTC002612
U29120GJ1990PLC014608,MEKASTER ENGINEERING LIMITED,Delhi,ZaubaCorp,"Director info, Sector classification",https://www.zaubacorp.com/company/U29120GJ1990PLC014608
U29120GJ1993PTC020375,YUJ ENGINEERS PVT LTD,Delhi,ZaubaCorp,"Director info, Sector classification",https://www.zaubacorp.com/company/U29120GJ1993PTC020375
U29120GJ1996PTC031070,ENERGY DYNAMICS PRIVATE LIMITED,Delhi,ZaubaCorp,"Director info, Sector classification",https://www.zaubacorp.com/company/U29120GJ1996PTC031070
U29120GJ2013PTC076775,GEM AIR COMPRESSOR (INDIA) PRIVATE LIMITED,Delhi,ZaubaCorp,"Director info, Sector classification",https://www.zaubacorp.com/company/U29120GJ2013PTC076775
U29130GJ2014PTC079684,MACHNO TECH PRIVATE LIMITED,Delhi,ZaubaCorp,"Director info, Sector classification",https://www.zaubacorp.com/company/U29130GJ2014PTC079684
U29142GJ2012PTC072867,ORBITRON ENTERPRISE PRIVATE LIMITED,Delhi,ZaubaCorp,"Director info, Sector classification",https://www.zaubacorp.com/company/U29142GJ2012PTC072867
U29150GJ1994PTC022432,ARROW ELECTRO ELEVATORS PVT LTD,Delhi,ZaubaCorp,"Director info, Sector classification",https://www.zaubacorp.com/company/U29150GJ1994PTC022432
U29150GJ2011PTC066275,KLEECO ENGINEERING PRIVATE LIMITED,Delhi,ZaubaCorp,"Director info, Sector classification",https://www.zaubacorp.com/company/U29150GJ2011PTC066275
U29150GJ2011PTC067922,MAZDA AGENCIES PRIVATE LIMITED,Delhi,ZaubaCorp,"Director info, Sector classification",https://www.zaubacorp.com/company/U29150GJ2011PTC067922
U29190GJ1964PTC001279,BARODA POULTRY EQUIPMENT COMPANY PRIVATE LIMITED,Delhi,ZaubaCorp,"Director info, Sector classification",https://www.zaubacorp.com/company/U29190GJ1964PTC001279
U29190GJ1990PTC013724,ARCEO EQUIPMENT PRIVATE LIMITED,Delhi,ZaubaCorp,"Director info, Sector classification",https://www.zaubacorp.com/company/U29190GJ1990PTC013724
U29190GJ2000PTC037379,SHELWIN ENGINEERS PRIVATE LIMITED,Delhi,ZaubaCorp,"Director info, Sector classification",https://www.zaubacorp.com/company/U29190GJ2000PTC037379
U29190GJ2011PTC064251,N-SQUARE CONMAT PRIVATE LIMITED,Delhi,ZaubaCorp,"Director info, Sector classification",https://www.zaubacorp.com/company/U29190GJ2011PTC064251
U29190GJ2016PTC093223,YIZUMI PRECISION MACHINERY (INDIA) PRIVATE LIMITED,Delhi,ZaubaCorp,"Director info, Sector classification",https://www.zaubacorp.com/company/U29190GJ2016PTC093223
U29199GJ1987PLC010071,NATIONAL FLASK INDUSTRIES LTD,Delhi,ZaubaCorp,"Director info, Sector classification",https://www.zaubacorp.com/company/U29199GJ1987PLC010071
U29199GJ1994PTC023091,VED STEEL AND ENGINEERING PVT LTD,Delhi,ZaubaCorp,"Director info, Sector classification",https://www.zaubacorp.com/company/U29199GJ1994PTC023091
U29199GJ1995PTC025239,SIGMA INSTRUMENTS PVT LTD,Delhi,ZaubaCorp,"Director info, Sector classification",https://www.zaubacorp.com/company/U29199GJ1995PTC025239
U29199GJ1997FTC032397,KHS MACHINERY PRIVATE LIMITED,Delhi,ZaubaCorp,"Director info, Sector classification",https://www.zaubacorp.com/company/U29199GJ1997FTC032397
U29199GJ2005PTC046888,NISUKA HYDRAULICS PRIVATE LIMITED,Delhi,ZaubaCorp,"Director info, Sector classification",https://www.zaubacorp.com/company/U29199GJ2005PTC046888
U29199GJ2006PTC049105,HARIOM EQUIPMENTS PRIVATE LIMITED,Delhi,ZaubaCorp,"Director info, Sector classification",https://www.zaubacorp.com/company/U29199GJ2006PTC049105
U29199GJ2007PTC051126,HEENA EQUIPMENTS PRIVATE LIMITED,Delhi,ZaubaCorp,"Director info, Sector classification",https://www.zaubacorp.com/company/U29199GJ2007PTC051126
U29200GJ2021PTC127633,QLIFE WATER SOLUTIONS INDIA PRIVATE LIMITED,Delhi,ZaubaCorp,"Director info, Sector classification",https://www.zaubacorp.com/company/U29200GJ2021PTC127633
U29214GJ1997PTC032896,KUMAR METACRAFT PRIVATE LIMITED,Delhi,ZaubaCorp,"Director info, Sector classification",https://www.zaubacorp.com/company/U29214GJ1997PTC032896
U29219GJ1996PTC030813,RAJPUTANA BIOTECH PRIVATE LIMITED,Delhi,ZaubaCorp,"Director info, Sector classification",https://www.zaubacorp.com/company/U29219GJ1996PTC030813
U29219GJ2007PTC050094,PRIME WEIGHING SCALE PRIVATE LIMITED,Delhi,ZaubaCorp,"Director info, Sector classification",https://www.zaubacorp.com/company/U29219GJ2007PTC050094
U29224GJ1982PTC005783,SAVANI ENTERPRISES (ENGG.) PVT LTD,Delhi,ZaubaCorp,"Director info, Sector classification",https://www.zaubacorp.com/company/U29224GJ1982PTC005783
U29230GJ2013PTC074925,PERSISTENT HI-TECH CASTING PRIVATE LIMITED,Delhi,ZaubaCorp,"Director info, Sector classification",https://www.zaubacorp.com/company/U29230GJ2013PTC074925
U29242GJ2015PLC085439,KIOSITECH ENGINEERING LIMITED,Delhi,ZaubaCorp,"Director info, Sector classification",https://www.zaubacorp.com/company/U29242GJ2015PLC085439
U29248GJ2014PTC081015,ALOMA ENTERPRISE PRIVATE LIMITED,Delhi,ZaubaCorp,"Director info, Sector classification",https://www.zaubacorp.com/company/U29248GJ2014PTC081015
U29253GJ2006PTC048605,ALPHA INDUSTRIAL SOLUTIONS PVT. LTD.,Delhi,ZaubaCorp,"Director info, Sector classification",https://www.zaubacorp.com/company/U29253GJ2006PTC048605
U29253GJ2009PTC057723,HETAL GRAVOTECH PRIVATE LIMITED,Delhi,ZaubaCorp,"Director info, Sector classification",https://www.zaubacorp.com/company/U29253GJ2009PTC057723
U29253GJ2012PTC071293,DMULASIA SOLAR ENERGY PRIVATE LIMITED,Delhi,ZaubaCorp,"Director info, Sector classification",https://www.zaubacorp.com/company/U29253GJ2012PTC071293
U29253GJ2014PLC079414,DUDHAT INFRA PRODUCTS LIMITED,Delhi,ZaubaCorp,"Director info, Sector classification",https://www.zaubacorp.com/company/U29253GJ2014PLC079414
U29253GJ2015PTC082770,RAPID BEVTECH PRIVATE LIMITED,Delhi,ZaubaCorp,"Director info, Sector classification",https://www.zaubacorp.com/company/U29253GJ2015PTC082770
U29269GJ2006PTC047746,SMEW TEXTILE MACHINERY PRIVATE LIMITED,Delhi,ZaubaCorp,"Director info, Sector classification",https://www.zaubacorp.com/company/U29269GJ2006PTC047746
U29296GJ2016PTC086144,RENO SLIDE VENTURE PRIVATE LIMITED,Delhi,ZaubaCorp,"Director info, Sector classification",https://www.zaubacorp.com/company/U29296GJ2016PTC086144
U29299GJ1974PTC002509,INDUSTRIAL BOILERS PRIVATE LIMITED,Delhi,ZaubaCorp,"Director info, Sector classification",https://www.zaubacorp.com/company/U29299GJ1974PTC002509
U29299GJ2022PTC131230,MECKLEN PRECISION PRIVATE LIMITED,Delhi,ZaubaCorp,"Director info, Sector classification",https://www.zaubacorp.com/company/U29299GJ2022PTC131230
U29300GJ2015PTC083084,KRISHNA KITCHEN ACCESSORIES PRIVATE LIMITED,Delhi,ZaubaCorp,"Director info, Sector classification",https://www.zaubacorp.com/company/U29300GJ2015PTC083084
U29304GJ2019PTC106288,TEMSAN RIMTEX AIR ENGINEERING PRIVATE LIMITED,Delhi,ZaubaCorp,"Director info, Sector classification",https://www.zaubacorp.com/company/U29304GJ2019PTC106288
U29304GJ2019PTC110515,NAVITAS ALPHA RENEWABLES PRIVATE LIMITED,Delhi,ZaubaCorp,"Director info, Sector classification",https://www.zaubacorp.com/company/U29304GJ2019PTC110515
U29304GJ2023PTC140197,IINDEPRO DYNAMICS PRIVATE LIMITED,Delhi,ZaubaCorp,"Director info, Sector classification",https://www.zaubacorp.com/company/U29304GJ2023PTC140197
U29306GJ2018PTC105818,MITSIYA WORLDWIDE AGENCY INDIA PRIVATE LIMITED,Delhi,ZaubaCorp,"Director info, Sector classification",https://www.zaubacorp.com/company/U29306GJ2018PTC105818
U29306GJ2021PTC128101,NEW INDIA FIRE TECH PRIVATE LIMITED,Delhi,ZaubaCorp,"Director info, Sector classification",https://www.zaubacorp.com/company/U29306GJ2021PTC128101
U29306GJ2022PTC134822,QOPTO TECHNOLOGIES PRIVATE LIMITED,Delhi,ZaubaCorp,"Director info, Sector classification",https://www.zaubacorp.com/company/U29306GJ2022PTC134822
U29307GJ2010PTC059290,WORLDWIDE RENEWABLE ENERGY PRIVATE LIMITED,Delhi,ZaubaCorp,"Director info, Sector classification",https://www.zaubacorp.com/company/U29307GJ2010PTC059290
U29307GJ2011PTC066174,JAIGANGA SOLAR ENERGY PRIVATE LIMITED,Delhi,ZaubaCorp,"Director info, Sector classification",https://www.zaubacorp.com/company/U29307GJ2011PTC066174
U29307GJ2012PTC072824,STRAUT RENEWABLES PRIVATE LIMITED,Delhi,ZaubaCorp,"Director info, Sector classification",https://www.zaubacorp.com/company/U29307GJ2012PTC072824
U29308GJ2018PTC102480,HGP SOLUTIONS PRIVATE LIMITED,Delhi,ZaubaCorp,"Director info, Sector classification",https://www.zaubacorp.com/company/U29308GJ2018PTC102480
U29308GJ2021PTC126798,HARI KRISHANA INNOVATION PRIVATE LIMITED,Delhi,ZaubaCorp,"Director info, Sector classification",https://www.zaubacorp.com/company/U29308GJ2021PTC126798
U29308GJ2022PTC136395,POWERFUL ENGIMACH PRIVATE LIMITED,Delhi,ZaubaCorp,"Director info, Sector classification",https://www.zaubacorp.com/company/U29308GJ2022PTC136395
U45202GJ2000PTC037818,FAIRMATE CONSTRUCTION PRIVATE LIMITED,Delhi,ZaubaCorp,"Director info, Sector classification",https://www.zaubacorp.com/company/U45202GJ2000PTC037818
U45202GJ2004PTC043463,B T INFRASTRUCTURE PRIVATE LIMITED,Delhi,ZaubaCorp,"Director info, Sector classification",https://www.zaubacorp.com/company/U45202GJ2004PTC043463
U45202GJ2006PTC048295,ABHINANDAN INFRASTRUCTURE PRIVATE LIMITED,Delhi,ZaubaCorp,"Director info, Sector classification",https://www.zaubacorp.com/company/U45202GJ2006PTC048295
U45202GJ2008PTC052939,OTHELLO REALTY PRIVATE LIMITED,Delhi,ZaubaCorp,"Director info, Sector classification",https://www.zaubacorp.com/company/U45202GJ2008PTC052939
U45202GJ2008PTC054179,SILVERSTONE REALTY PRIVATE LIMITED,Delhi,ZaubaCorp,"Director info, Sector classification",https://www.zaubacorp.com/company/U45202GJ2008PTC054179
U45202GJ2011PTC066793,PATEL BRIDGE NIRMAN PRIVATE LIMITED,Delhi,ZaubaCorp,"Director info, Sector classification",https://www.zaubacorp.com/company/U45202GJ2011PTC066793
U45202GJ2012PTC071916,SPARTAN BUILDERS PRIVATE LIMITED,Delhi,ZaubaCorp,"Director info, Sector classification",https://www.zaubacorp.com/company/U45202GJ2012PTC071916
U45202GJ2013PTC073442,BN PRECAST PRIVATE LIMITED,Delhi,ZaubaCorp,"Director info, Sector classification",https://www.zaubacorp.com/company/U45202GJ2013PTC073442
U45203GJ2000PTC038476,NARMADA SITES PRIVATE LIMITED,Delhi,ZaubaCorp,"Director info, Sector classification",https://www.zaubacorp.com/company/U45203GJ2000PTC038476
U45203GJ2006PTC049005,SHREE RADHE ENGINEERS AND CONTRACTORS PV T. LTD.,Delhi,ZaubaCorp,"Director info, Sector classification",https://www.zaubacorp.com/company/U45203GJ2006PTC049005
U45203GJ2012PTC072596,MANSI CORPORATION PRIVATE LIMITED,Delhi,ZaubaCorp,"Director info, Sector classification",https://www.zaubacorp.com/company/U45203GJ2012PTC072596
U45203GJ2012PTC072744,SANYAM BUILD INFRA PRIVATE LIMITED,Delhi,ZaubaCorp,"Director info, Sector classification",https://www.zaubacorp.com/company/U45203GJ2012PTC072744
U45205GJ2007NPL050681,PANOLI INDUSTRIAL INFRASTRUCTURE PROJECTS LTD.,Delhi,ZaubaCorp,"Director info, Sector classification",https://www.zaubacorp.com/company/U45205GJ2007NPL050681
U45205GJ2015PTC085444,D&C TRANSITLOGISTICS & INFRASPACE PRIVATE LIMITED,Delhi,ZaubaCorp,"Director info, Sector classification",https://www.zaubacorp.com/company/U45205GJ2015PTC085444
U45208GJ2021PTC125693,RAJMANI CONSTRUCTIONS PRIVATE LIMITED,Delhi,ZaubaCorp,"Director info, Sector classification",https://www.zaubacorp.com/company/U45208GJ2021PTC125693
U45209GJ1998PTC035000,RIYA REALITIES PRIVATE LIMITED,Delhi,ZaubaCorp,"Director info, Sector classification",https://www.zaubacorp.com/company/U45209GJ1998PTC035000
U45209GJ1999PTC035919,JIVANDIP CONSTRUCTION PRIVATE LIMITED,Delhi,ZaubaCorp,"Director info, Sector classification",https://www.zaubacorp.com/company/U45209GJ1999PTC035919
U45209GJ2008PTC054828,SHAPOORJI PALLONJI AND OEG SERVICES PRIVATE LIMITED,Delhi,ZaubaCorp,"Director info, Sector classification",https://www.zaubacorp.com/company/U45209GJ2008PTC054828
U45209GJ2009SGC056466,GUJARAT INDUSTRIAL CORRIDOR CORPORATION LIMITED,Delhi,ZaubaCorp,"Director info, Sector classification",https://www.zaubacorp.com/company/U45209GJ2009SGC056466
U45209GJ2010PLC062151,WORLDVOICE HI-TECH INFRACON LIMITED,Delhi,ZaubaCorp,"Director info, Sector classification",https://www.zaubacorp.com/company/U45209GJ2010PLC062151
U45209GJ2011PTC064668,JMH TECHNOCRATE PRIVATE LIMITED,Delhi,ZaubaCorp,"Director info, Sector classification",https://www.zaubacorp.com/company/U45209GJ2011PTC064668
U45209GJ2012PTC071790,RSP BUILDTECH PRIVATE LIMITED,Delhi,ZaubaCorp,"Director info, Sector classification",https://www.zaubacorp.com/company/U45209GJ2012PTC071790
U45209GJ2015PTC084178,IRON ROAD INFRACON PRIVATE LIMITED,Delhi,ZaubaCorp,"Director info, Sector classification",https://www.zaubacorp.com/company/U45209GJ2015PTC084178
U45209GJ2018PTC103684,JEDVIL PROJECTS PRIVATE LIMITED,Delhi,ZaubaCorp,"Director info, Sector classification",https://www.zaubacorp.com/company/U45209GJ2018PTC103684
U45209GJ2019PTC109213,BUILDARK PROJECTS PRIVATE LIMITED,Delhi,ZaubaCorp,"Director info, Sector classification",https://www.zaubacorp.com/company/U45209GJ2019PTC109213
U45209GJ2020PTC118716,HARIOM BUILDERS PRIVATE LIMITED,Delhi,ZaubaCorp,"Director info, Sector classification",https://www.zaubacorp.com/company/U45209GJ2020PTC118716
U45209GJ2021PTC125113,BIG SHOT INFRA FACILITIES PRIVATE LIMITED,Delhi,ZaubaCorp,"Director info, Sector classification",https://www.zaubacorp.com/company/U45209GJ2021PTC125113
